Date,Open,High,Low,Close,Volume
2025-04-07,177.2,194.15,174.62,181.46,160466286.0
2025-04-04,193.89,199.88,187.34,188.38,125910913.0
2025-04-03,205.54,207.49,201.25,203.19,103419006.0
2025-04-02,221.315,225.19,221.02,223.89,35905904.0
2025-04-01,219.805,223.68,218.9,223.19,36412740.0
2025-03-31,217.005,225.62,216.23,222.13,65299321.0
2025-03-28,221.67,223.81,217.68,217.9,39818617.0
2025-03-27,221.39,224.99,220.5601,223.85,37094774.0
2025-03-26,223.51,225.02,220.47,221.53,34532656.0
2025-03-25,220.77,224.1,220.08,223.75,34493583.0
2025-03-24,221.0,221.48,218.58,220.73,44299483.0
2025-03-21,211.56,218.84,211.28,218.27,94127768.0
2025-03-20,213.99,217.4899,212.22,214.1,48862947.0
2025-03-19,214.22,218.76,213.75,215.24,54385391.0
2025-03-18,214.16,215.15,211.49,212.69,42432426.0
2025-03-17,213.31,215.22,209.97,214.0,48073426.0
2025-03-14,211.25,213.95,209.58,213.49,60107582.0
2025-03-13,215.95,216.8394,208.42,209.68,61368330.0
2025-03-12,220.14,221.75,214.91,216.98,62547467.0
2025-03-11,223.805,225.8399,217.45,220.84,76137410.0
2025-03-10,235.54,236.16,224.22,227.48,71451281.0
2025-03-07,235.105,241.37,234.76,239.07,46273565.0
2025-03-06,234.435,237.86,233.1581,235.33,45170419.0
2025-03-05,235.42,236.55,229.23,235.74,47227643.0
2025-03-04,237.705,240.07,234.68,235.93,53798062.0
2025-03-03,241.79,244.0272,236.112,238.03,47183985.0
2025-02-28,236.95,242.09,230.2,241.84,56833360.0
2025-02-27,239.41,242.46,237.06,237.3,41153639.0
2025-02-26,244.33,244.98,239.13,240.36,44433564.0
2025-02-25,248.0,250.0,244.91,247.04,48013272.0
2025-02-24,244.925,248.86,244.42,247.1,51326396.0
2025-02-21,245.95,248.69,245.22,245.55,53197431.0
2025-02-20,244.94,246.78,244.29,245.83,32316907.0
2025-02-19,244.66,246.01,243.1604,244.87,32204215.0
2025-02-18,244.15,245.18,241.84,244.47,48822491.0
2025-02-14,241.25,245.55,240.99,244.6,40896227.0
2025-02-13,236.91,242.3399,235.57,241.53,53614054.0
2025-02-12,231.2,236.96,230.68,236.87,45243292.0
2025-02-11,228.2,235.23,228.13,232.62,53718362.0
2025-02-10,229.57,230.585,227.2,227.65,33115645.0
2025-02-07,232.6,234.0,227.26,227.63,39707224.0
2025-02-06,231.285,233.8,230.425,233.22,29925349.0
2025-02-05,228.53,232.67,228.27,232.47,39664989.0
2025-02-04,227.25,233.13,226.65,232.8,45067301.0
2025-02-03,229.99,231.83,225.7,228.01,73063301.0
2025-01-31,247.19,247.19,233.44,236.0,101075128.0
2025-01-30,238.665,240.79,237.21,237.59,55658279.0
2025-01-29,234.12,239.855,234.01,239.36,45486100.0
2025-01-28,230.85,240.19,230.81,238.26,75707569.0
2025-01-27,224.02,232.15,223.98,229.86,94863418.0
2025-01-24,224.78,225.63,221.41,222.78,54697907.0
2025-01-23,224.74,227.03,222.3,223.66,60234760.0
2025-01-22,219.79,224.12,219.79,223.83,64126500.0
2025-01-21,224.0,224.42,219.38,222.64,98070429.0
2025-01-17,232.115,232.29,228.48,229.98,68488301.0
2025-01-16,237.35,238.01,228.03,228.26,71759052.0
2025-01-15,234.635,238.96,234.43,237.87,39831969.0
2025-01-14,234.75,236.12,232.472,233.28,39435294.0
2025-01-13,233.53,234.67,229.72,234.4,49630725.0
2025-01-10,240.01,240.16,233.0,236.85,61710856.0
2025-01-08,241.92,243.7123,240.05,242.7,37628940.0
2025-01-07,242.98,245.55,241.35,242.21,40855960.0
2025-01-06,244.31,247.33,243.2,245.0,45045571.0
2025-01-03,243.36,244.18,241.89,243.36,40244114.0
2025-01-02,248.93,249.1,241.8201,243.85,55740731.0
2024-12-31,252.44,253.28,249.43,250.42,39480718.0
2024-12-30,252.23,253.5,250.75,252.2,35557542.0
2024-12-27,257.83,258.7,253.06,255.59,42355321.0
2024-12-26,258.19,260.1,257.63,259.02,27262983.0
2024-12-24,255.49,258.21,255.29,258.2,23234705.0
2024-12-23,254.77,255.65,253.45,255.27,40858774.0
2024-12-20,248.04,255.0,245.69,254.49,147495267.0
2024-12-19,247.5,252.0,247.0949,249.79,60882264.0
2024-12-18,252.16,254.28,247.74,248.05,56774101.0
2024-12-17,250.08,253.83,249.78,253.48,51356360.0
2024-12-16,247.99,251.38,247.65,251.04,51694753.0
2024-12-13,247.815,249.2902,246.24,248.13,33155290.0
2024-12-12,246.89,248.74,245.68,247.96,32777532.0
2024-12-11,247.96,250.8,246.2601,246.49,45205814.0
2024-12-10,246.89,248.21,245.34,247.77,36914806.0
2024-12-09,241.83,247.24,241.75,246.75,44649232.0
2024-12-06,242.905,244.63,242.08,242.84,36870619.0
2024-12-05,243.99,244.54,242.13,243.04,40033878.0
2024-12-04,242.87,244.11,241.25,243.01,44383935.0
2024-12-03,239.81,242.76,238.9,242.65,38861017.0
2024-12-02,237.27,240.79,237.16,239.59,48137103.0
2024-11-29,234.81,237.81,233.97,237.33,28481377.0
2024-11-27,234.465,235.69,233.8101,234.93,33498439.0
2024-11-26,233.33,235.57,233.33,235.06,45986189.0
2024-11-25,231.46,233.245,229.74,232.87,90152832.0
2024-11-22,228.06,230.7199,228.06,229.87,38168252.0
2024-11-21,228.88,230.155,225.7103,228.52,42108327.0
2024-11-20,228.06,229.93,225.89,229.0,35169566.0
2024-11-19,226.98,230.16,226.66,228.28,36211774.0
2024-11-18,225.25,229.74,225.17,228.02,44686020.0
2024-11-15,226.4,226.92,224.27,225.0,47923696.0
2024-11-14,225.02,228.87,225.0,228.22,44923941.0
2024-11-13,224.01,226.65,222.76,225.12,48566217.0
2024-11-12,224.55,225.59,223.355,224.23,40398299.0
2024-11-11,225.0,225.7,221.5,224.23,42005602.0
2024-11-08,227.17,228.66,226.405,226.96,38328824.0
2024-11-07,224.625,227.875,224.57,227.48,42137691.0
2024-11-06,222.61,226.065,221.19,222.72,54561121.0
2024-11-05,221.795,223.95,221.14,223.45,28111338.0
2024-11-04,220.99,222.79,219.71,222.01,44944468.0
2024-11-01,220.965,225.35,220.27,222.91,65276741.0
2024-10-31,229.34,229.83,225.37,225.91,64370086.0
2024-10-30,232.61,233.47,229.55,230.1,47070907.0
2024-10-29,233.1,234.325,232.32,233.67,35417247.0
2024-10-28,233.32,234.73,232.55,233.4,36087134.0
2024-10-25,229.74,233.22,229.57,231.41,38802304.0
2024-10-24,229.98,230.82,228.41,230.57,31109503.0
2024-10-23,234.08,235.144,227.76,230.76,52286979.0
2024-10-22,233.885,236.22,232.6,235.86,38846578.0
2024-10-21,234.45,236.85,234.45,236.48,36254470.0
2024-10-18,236.18,236.18,234.01,235.0,46431472.0
2024-10-17,233.43,233.85,230.52,232.15,32993810.0
2024-10-16,231.6,232.12,229.84,231.78,34082240.0
2024-10-15,233.61,237.49,232.37,233.85,64751367.0
2024-10-14,228.7,231.73,228.6,231.3,39882085.0
2024-10-11,229.3,229.41,227.34,227.55,31759188.0
2024-10-10,227.78,229.5,227.17,229.04,28183544.0
2024-10-09,225.23,229.75,224.83,229.54,33591091.0
2024-10-08,224.3,225.98,223.25,225.77,31855693.0
2024-10-07,224.5,225.69,221.33,221.69,39505354.0
2024-10-04,227.9,228.0,224.13,226.8,37345098.0
2024-10-03,225.14,226.805,223.32,225.67,34044158.0
2024-10-02,225.89,227.37,223.02,226.78,32880605.0
2024-10-01,229.52,229.65,223.74,226.21,63285048.0
2024-09-30,230.04,233.0,229.65,233.0,54793391.0
2024-09-27,228.46,229.52,227.3,227.79,34025967.0
2024-09-26,227.3,228.5,225.41,227.52,36636707.0
2024-09-25,224.93,227.29,224.02,226.37,42308715.0
2024-09-24,228.645,229.35,225.73,227.37,43556068.0
2024-09-23,227.34,229.45,225.81,226.47,54146023.0
2024-09-20,229.97,233.09,227.62,228.2,318679888.0
2024-09-19,224.99,229.82,224.63,228.87,66781315.0
2024-09-18,217.55,222.71,217.54,220.69,59894928.0
2024-09-17,215.75,216.9,214.5,216.79,45519339.0
2024-09-16,216.54,217.22,213.92,216.32,59357427.0
2024-09-13,223.58,224.04,221.91,222.5,36766619.0
2024-09-12,222.5,223.55,219.82,222.77,37498225.0
2024-09-11,221.455,223.09,217.89,222.66,44587072.0
2024-09-10,218.92,221.48,216.73,220.11,51591033.0
2024-09-09,220.82,221.27,216.71,220.91,67179965.0
2024-09-06,223.95,225.24,219.77,220.82,48423011.0
2024-09-05,221.625,225.48,221.52,222.38,36615398.0
2024-09-04,221.66,221.78,217.48,220.85,43262758.0
2024-09-03,228.55,229.0,221.17,222.77,50190574.0
2024-08-30,230.19,230.4,227.48,229.0,52990770.0
2024-08-29,230.1,232.92,228.88,229.79,51906297.0
2024-08-28,227.92,229.86,225.68,226.49,38052167.0
2024-08-27,225.995,228.85,224.89,228.03,35934559.0
2024-08-26,226.76,227.28,223.8905,227.18,30602208.0
2024-08-23,225.6589,228.22,224.33,226.84,38677250.0
2024-08-22,227.79,228.34,223.9,224.53,43695321.0
2024-08-21,226.52,227.98,225.05,226.4,34765480.0
2024-08-20,225.77,227.17,225.45,226.51,30299033.0
2024-08-19,225.72,225.99,223.04,225.89,40687813.0
2024-08-16,223.92,226.8271,223.6501,226.05,44340240.0
2024-08-15,224.6,225.35,222.76,224.72,46414013.0
2024-08-14,220.57,223.03,219.7,221.72,41960574.0
2024-08-13,219.01,221.89,219.01,221.27,44155331.0
2024-08-12,216.07,219.5099,215.6,217.53,38028092.0
2024-08-09,212.1,216.78,211.97,216.24,42201646.0
2024-08-08,213.11,214.2,208.83,213.31,47161149.0
2024-08-07,206.9,213.64,206.39,209.82,63516417.0
2024-08-06,205.3,209.99,201.07,207.23,69660488.0
2024-08-05,199.09,213.5,196.0,209.27,119548589.0
2024-08-02,219.15,225.6,217.71,219.86,105568560.0
2024-08-01,224.37,224.48,217.02,218.36,62500996.0
2024-07-31,221.44,223.82,220.63,222.08,50036262.0
2024-07-30,219.19,220.325,216.12,218.8,41643840.0
2024-07-29,216.96,219.3,215.75,218.24,36311778.0
2024-07-26,218.7,219.49,216.01,217.96,41601345.0
2024-07-25,218.93,220.85,214.62,217.49,51391199.0
2024-07-24,224.0,224.8,217.13,218.54,61777576.0
2024-07-23,224.365,226.94,222.68,225.01,39960260.0
2024-07-22,227.01,227.78,223.09,223.96,48201835.0
2024-07-19,224.82,226.8,223.275,224.31,49151453.0
2024-07-18,230.28,230.44,222.27,224.18,66034585.0
2024-07-17,229.45,231.4599,226.64,228.88,57345884.0
2024-07-16,235.0,236.27,232.33,234.82,43234278.0
2024-07-15,236.48,237.23,233.09,234.4,62631252.0
2024-07-12,228.92,232.64,228.68,230.54,53046527.0
2024-07-11,231.39,232.39,225.77,227.57,64710617.0
2024-07-10,229.3,233.08,229.25,232.98,62627687.0
2024-07-09,227.93,229.4,226.3721,228.68,48169822.0
2024-07-08,227.09,227.85,223.25,227.82,59085861.0
2024-07-05,221.65,226.45,221.65,226.34,60412408.0
2024-07-03,220.0,221.55,219.03,221.55,37369801.0
2024-07-02,216.15,220.38,215.1,220.27,58046178.0
2024-07-01,212.09,217.51,211.92,216.75,60402929.0
2024-06-28,215.77,216.07,210.3,210.62,82542718.0
2024-06-27,214.69,215.7395,212.35,214.1,49772707.0
2024-06-26,211.5,214.86,210.64,213.25,66213186.0
2024-06-25,209.15,211.38,208.61,209.07,56713868.0
2024-06-24,207.72,212.7,206.59,208.14,80727006.0
2024-06-21,210.39,211.89,207.11,207.49,246421353.0
2024-06-20,213.93,214.24,208.85,209.68,86172451.0
2024-06-18,217.59,218.63,213.0,214.29,79943254.0
2024-06-17,213.37,218.95,212.72,216.67,93728300.0
2024-06-14,213.85,215.17,211.3,212.49,70122748.0
2024-06-13,214.74,216.75,211.6,214.24,97862729.0
2024-06-12,207.37,220.2,206.9,213.07,198134293.0
2024-06-11,193.65,207.16,193.63,207.15,172373296.0
2024-06-10,196.9,197.3,192.15,193.12,97262077.0
2024-06-07,194.65,196.94,194.14,196.89,53103912.0
2024-06-06,195.685,196.5,194.17,194.48,41181753.0
2024-06-05,195.4,196.9,194.87,195.87,54156785.0
2024-06-04,194.635,195.32,193.0342,194.35,47471445.0
2024-06-03,192.9,194.99,192.52,194.03,50080539.0
2024-05-31,191.44,192.57,189.91,192.25,75158277.0
2024-05-30,190.76,192.18,190.63,191.29,49947941.0
2024-05-29,189.61,192.247,189.51,190.29,53068016.0
2024-05-28,191.51,193.0,189.1,189.99,52280051.0
2024-05-24,188.82,190.58,188.0404,189.98,36326975.0
2024-05-23,190.98,191.0,186.625,186.88,51005924.0
2024-05-22,192.265,192.8231,190.27,190.9,34648547.0
2024-05-21,191.09,192.73,190.9201,192.35,42309401.0
2024-05-20,189.325,191.9199,189.01,191.04,44361275.0
2024-05-17,189.51,190.81,189.18,189.87,41282925.0
2024-05-16,190.47,191.095,189.6601,189.84,52845230.0
2024-05-15,187.91,190.65,187.37,189.72,70399988.0
2024-05-14,187.51,188.3,186.29,187.43,52393619.0
2024-05-13,185.435,187.1,184.62,186.28,72044809.0
2024-05-10,184.9,185.09,182.13,183.05,50759496.0
2024-05-09,182.56,184.66,182.11,184.57,48982972.0
2024-05-08,182.85,183.07,181.45,182.74,45057087.0
2024-05-07,183.45,184.9,181.32,182.4,77305771.0
2024-05-06,182.354,184.2,180.42,181.71,78569667.0
2024-05-03,186.645,187.0,182.66,183.38,163224109.0
2024-05-02,172.51,173.415,170.89,173.03,94214915.0
2024-05-01,169.58,172.705,169.11,169.3,50383147.0
2024-04-30,173.33,174.99,170.0,170.33,65934776.0
2024-04-29,173.37,176.03,173.1,173.5,68169419.0
2024-04-26,169.88,171.34,169.18,169.3,44838354.0
2024-04-25,169.525,170.61,168.1511,169.89,50558329.0
2024-04-24,166.54,169.3,166.21,169.02,48251835.0
2024-04-23,165.35,167.05,164.92,166.9,49537761.0
2024-04-22,165.515,167.26,164.77,165.84,48116443.0
2024-04-19,166.21,166.4,164.075,165.0,68149377.0
2024-04-18,168.03,168.64,166.55,167.04,43122903.0
2024-04-17,169.61,170.65,168.0,168.0,50901210.0
2024-04-16,171.75,173.76,168.27,169.38,73711235.0
2024-04-15,175.36,176.63,172.5,172.69,73531773.0
2024-04-12,174.26,178.36,174.21,176.55,101670886.0
2024-04-11,168.34,175.46,168.16,175.04,91070275.0
2024-04-10,168.8,169.09,167.11,167.78,49709336.0
2024-04-09,168.7,170.08,168.35,169.67,42231444.0
2024-04-08,169.03,169.2,168.24,168.45,37216858.0
2024-04-05,169.59,170.39,168.95,169.58,41975776.0
2024-04-04,170.29,171.92,168.82,168.82,53355055.0
2024-04-03,168.79,170.68,168.58,169.65,45571129.0
2024-04-02,169.08,169.34,168.2302,168.84,49013991.0
2024-04-01,171.19,171.25,169.475,170.03,43772506.0
2024-03-28,171.75,172.23,170.51,171.48,65672690.0
2024-03-27,170.41,173.6,170.11,173.31,60273265.0
2024-03-26,170.0,171.42,169.58,169.71,57388449.0
2024-03-25,170.565,171.94,169.45,170.85,54288328.0
2024-03-22,171.76,173.05,170.06,172.28,71160138.0
2024-03-21,177.05,177.49,170.84,171.37,106181270.0
2024-03-20,175.72,178.67,175.09,178.67,53423102.0
2024-03-19,174.34,176.605,173.03,176.08,55215244.0
2024-03-18,175.57,177.71,173.52,173.72,75604184.0
2024-03-15,171.17,172.62,170.285,172.62,121752699.0
2024-03-14,172.91,174.3078,172.05,173.0,72571635.0
2024-03-13,172.77,173.185,170.76,171.13,51948951.0
2024-03-12,173.15,174.03,171.01,173.23,59544927.0
2024-03-11,172.94,174.38,172.05,172.75,58929918.0
2024-03-08,169.0,173.7,168.94,170.73,76267041.0
2024-03-07,169.15,170.73,168.49,169.0,71765061.0
2024-03-06,171.06,171.24,168.68,169.12,68587707.0
2024-03-05,170.76,172.04,169.62,170.12,95132355.0
2024-03-04,176.15,176.9,173.79,175.1,81510101.0
2024-03-01,179.55,180.53,177.38,179.66,73563082.0
2024-02-29,181.27,182.57,179.53,180.75,136682597.0
2024-02-28,182.51,183.12,180.13,181.42,48953939.0
2024-02-27,181.1,183.9225,179.56,182.63,54318851.0
2024-02-26,182.24,182.76,180.65,181.16,40867421.0
2024-02-23,185.01,185.04,182.23,182.52,45119677.0
2024-02-22,183.48,184.955,182.46,184.37,52292208.0
2024-02-21,181.94,182.8888,180.66,182.32,41529674.0
2024-02-20,181.79,182.43,180.0,181.56,53665553.0
2024-02-16,183.42,184.85,181.665,182.31,49752465.0
2024-02-15,183.55,184.49,181.35,183.86,65434496.0
2024-02-14,185.32,185.53,182.44,184.15,54630517.0
2024-02-13,185.77,186.21,183.5128,185.04,56529529.0
2024-02-12,188.415,188.67,186.79,187.15,41781934.0
2024-02-09,188.65,189.99,188.0,188.85,45155216.0
2024-02-08,189.385,189.535,187.35,188.32,40962046.0
2024-02-07,190.64,191.05,188.61,189.41,53438955.0
2024-02-06,186.86,189.31,186.7695,189.3,43490759.0
2024-02-05,188.15,189.25,185.84,187.68,69668820.0
2024-02-02,179.86,187.33,179.25,185.85,102551680.0
2024-02-01,183.985,186.95,183.82,186.86,64885408.0
2024-01-31,187.04,187.095,184.35,184.4,55467803.0
2024-01-30,190.94,191.8,187.47,188.04,55859370.0
2024-01-29,192.01,192.2,189.58,191.73,47145622.0
2024-01-26,194.27,194.76,191.94,192.42,44594011.0
2024-01-25,195.22,196.2675,193.1125,194.17,54822126.0
2024-01-24,195.42,196.38,194.34,194.5,53463269.0
2024-01-23,195.02,195.75,193.8299,195.18,42355590.0
2024-01-22,192.3,195.33,192.26,193.89,60133852.0
2024-01-19,189.33,191.95,188.82,191.56,68902985.0
2024-01-18,186.09,189.14,185.83,188.63,78005754.0
2024-01-17,181.27,182.93,180.3,182.68,47317433.0
2024-01-16,182.16,184.26,180.934,183.63,65603041.0
2024-01-12,186.06,186.74,185.19,185.92,40477782.0
2024-01-11,186.54,187.05,183.62,185.59,49128408.0
2024-01-10,184.35,186.4,183.92,186.19,46792908.0
2024-01-09,183.92,185.15,182.73,185.14,42841809.0
2024-01-08,182.085,185.6,181.5,185.56,59144470.0
2024-01-05,181.99,182.76,180.17,181.18,62196924.0
2024-01-04,182.15,183.0872,180.88,181.91,71983570.0
2024-01-03,184.22,185.88,183.43,184.25,58414460.0
2024-01-02,187.15,188.44,183.885,185.64,82488674.0
2023-12-29,193.9,194.4,191.725,192.53,42672148.0
2023-12-28,194.14,194.66,193.17,193.58,34049898.0
2023-12-27,192.49,193.5,191.09,193.15,47899806.0
2023-12-26,193.61,193.89,192.83,193.05,28919310.0
2023-12-22,195.18,195.41,192.97,193.6,37149570.0
2023-12-21,196.1,197.08,193.5,194.68,46482549.0
2023-12-20,196.9,197.68,194.83,194.83,52242815.0
2023-12-19,196.16,196.95,195.89,196.94,40233138.0
2023-12-18,196.09,196.63,194.39,195.89,55751861.0
2023-12-15,197.53,198.3999,197.0,197.57,128538401.0
2023-12-14,198.02,199.62,196.16,198.11,66831572.0
2023-12-13,195.09,198.0,194.85,197.96,70404183.0
2023-12-12,193.08,194.72,191.721,194.71,52696900.0
2023-12-11,193.11,193.49,191.42,193.18,60943699.0
2023-12-08,194.2,195.99,193.67,195.71,53406358.0
2023-12-07,193.63,195.0,193.59,194.27,47477655.0
2023-12-06,194.45,194.76,192.11,192.32,40895115.0
2023-12-05,190.21,194.4,190.18,193.42,66628398.0
2023-12-04,189.98,190.05,187.4511,189.43,43389519.0
2023-12-01,190.33,191.56,189.23,191.24,45704823.0
2023-11-30,189.84,190.32,188.19,189.95,48794366.0
2023-11-29,190.9,192.09,188.97,189.37,43014224.0
2023-11-28,189.78,191.08,189.4,190.4,38415419.0
2023-11-27,189.92,190.67,188.9,189.79,40552609.0
2023-11-24,190.87,190.9,189.25,189.97,24048344.0
2023-11-22,191.49,192.93,190.825,191.31,39630011.0
2023-11-21,191.41,191.52,189.74,190.64,38134485.0
2023-11-20,189.89,191.905,189.88,191.45,46538614.0
2023-11-17,190.25,190.38,188.57,189.69,50941404.0
2023-11-16,189.57,190.96,188.65,189.71,54412915.0
2023-11-15,187.845,189.5,187.78,188.01,53790499.0
2023-11-14,187.7,188.11,186.3,187.44,60108378.0
2023-11-13,185.82,186.03,184.21,184.8,43627519.0
2023-11-10,183.97,186.565,183.53,186.4,66177922.0
2023-11-09,182.96,184.12,181.81,182.41,53763540.0
2023-11-08,182.35,183.45,181.59,182.89,49340282.0
2023-11-07,179.18,182.44,178.97,181.82,70529966.0
2023-11-06,176.38,179.43,176.21,179.23,63841310.0
2023-11-03,174.24,176.82,173.35,176.65,79829246.0
2023-11-02,175.52,177.78,175.46,177.57,77334752.0
2023-11-01,171.0,174.23,170.12,173.97,56934906.0
2023-10-31,169.35,170.9,167.9,170.77,44846017.0
2023-10-30,169.02,171.17,168.87,170.29,51130955.0
2023-10-27,166.91,168.96,166.83,168.22,58499129.0
2023-10-26,170.37,171.3775,165.67,166.89,70625258.0
2023-10-25,171.88,173.06,170.65,171.1,57156962.0
2023-10-24,173.05,173.67,171.45,173.44,43816644.0
2023-10-23,170.91,174.01,169.93,173.0,55980109.0
2023-10-20,175.31,175.42,172.64,172.88,64244028.0
2023-10-19,176.04,177.84,175.19,175.46,59302863.0
2023-10-18,175.58,177.575,175.11,175.84,54764375.0
2023-10-17,176.645,178.42,174.8,177.15,57549350.0
2023-10-16,176.75,179.075,176.51,178.72,52516984.0
2023-10-13,181.42,181.93,178.14,178.85,51456082.0
2023-10-12,180.07,182.34,179.04,180.71,56743119.0
2023-10-11,178.2,179.85,177.6,179.8,47551098.0
2023-10-10,178.1,179.72,177.95,178.39,43698019.0
2023-10-09,176.81,179.05,175.8,178.99,42390772.0
2023-10-06,173.8,177.99,173.18,177.49,57266675.0
2023-10-05,173.79,175.45,172.68,174.91,48527918.0
2023-10-04,171.09,174.21,170.97,173.66,53020286.0
2023-10-03,172.255,173.63,170.82,172.4,49594613.0
2023-10-02,171.22,174.3,170.93,173.75,52164535.0
2023-09-29,172.02,173.07,170.341,171.21,51861083.0
2023-09-28,169.34,172.03,167.62,170.69,56294419.0
2023-09-27,172.62,173.04,169.05,170.43,66921808.0
2023-09-26,174.82,175.2,171.66,171.96,64588945.0
2023-09-25,174.2,176.97,174.15,176.08,46172740.0
2023-09-22,174.67,177.079,174.05,174.79,56725385.0
2023-09-21,174.55,176.3,173.86,173.93,63149116.0
2023-09-20,179.26,179.695,175.4,175.49,58436181.0
2023-09-19,177.52,179.63,177.13,179.07,51826941.0
2023-09-18,176.48,179.38,176.17,177.97,67257573.0
2023-09-15,176.48,176.495,173.82,175.01,109259461.0
2023-09-14,174.0,176.1,173.58,175.74,60895757.0
2023-09-13,176.51,177.3,173.98,174.21,84267928.0
2023-09-12,179.49,180.13,174.82,176.3,90370192.0
2023-09-11,180.07,180.3,177.34,179.36,58953052.0
2023-09-08,178.35,180.239,177.79,178.18,65602066.0
2023-09-07,175.18,178.21,173.54,177.56,112488803.0
2023-09-06,188.4,188.85,181.47,182.91,81755816.0
2023-09-05,188.28,189.98,187.61,189.7,45280027.0
2023-09-01,189.485,189.92,188.28,189.46,45766503.0
2023-08-31,187.84,189.12,187.48,187.87,60794467.0
2023-08-30,184.94,187.85,184.74,187.65,60813888.0
2023-08-29,179.695,184.9,179.5,184.12,53003948.0
2023-08-28,180.09,180.59,178.545,180.19,43820697.0
2023-08-25,177.38,179.15,175.82,178.61,51449594.0
2023-08-24,180.674,181.104,176.01,176.38,54945798.0
2023-08-23,178.52,181.55,178.325,181.12,52722752.0
2023-08-22,177.06,177.68,176.25,177.23,42084245.0
2023-08-21,175.07,176.13,173.735,175.84,46311879.0
2023-08-18,172.3,175.1,171.96,174.49,61172150.0
2023-08-17,177.14,177.5054,173.48,174.0,66062882.0
2023-08-16,177.13,178.54,176.5,176.57,46964857.0
2023-08-15,178.88,179.48,177.05,177.45,43622593.0
2023-08-14,177.97,179.69,177.305,179.46,43675627.0
2023-08-11,177.32,178.62,176.55,177.79,52036672.0
2023-08-10,179.48,180.75,177.6,177.97,54686851.0
2023-08-09,180.87,180.93,177.01,178.19,60378492.0
2023-08-08,179.69,180.27,177.58,179.8,67823003.0
2023-08-07,182.13,183.13,177.35,178.85,97576069.0
2023-08-04,185.52,187.38,181.92,181.99,115956841.0
2023-08-03,191.57,192.37,190.69,191.17,62243282.0
2023-08-02,195.04,195.18,191.8507,192.58,50389327.0
2023-08-01,196.235,196.73,195.28,195.605,35281426.0
2023-07-31,196.06,196.49,195.26,196.45,38824113.0
2023-07-28,194.67,196.626,194.14,195.83,48291443.0
2023-07-27,196.02,197.2,192.55,193.22,47460180.0
2023-07-26,193.67,195.64,193.32,194.5,47471868.0
2023-07-25,193.33,194.44,192.915,193.62,37283201.0
2023-07-24,193.41,194.91,192.25,192.75,45505097.0
2023-07-21,194.1,194.97,191.23,191.94,71951683.0
2023-07-20,195.09,196.47,192.495,193.13,59581196.0
2023-07-19,193.1,198.23,192.65,195.1,80507323.0
2023-07-18,193.35,194.33,192.415,193.73,48353774.0
2023-07-17,191.9,194.32,191.81,193.99,50520159.0
2023-07-14,190.23,191.1799,189.63,190.69,41616242.0
2023-07-13,190.5,191.19,189.78,190.54,41342338.0
2023-07-12,189.68,191.7,188.47,189.77,60750248.0
2023-07-11,189.16,189.3,186.6,188.08,46638119.0
2023-07-10,189.26,189.99,187.035,188.61,59922163.0
2023-07-07,191.41,192.67,190.24,190.68,46814998.0
2023-07-06,189.84,192.02,189.2,191.81,45156009.0
2023-07-05,191.565,192.98,190.62,191.33,46920261.0
2023-07-03,193.78,193.88,191.76,192.46,31458198.0
2023-06-30,191.63,194.48,191.26,193.97,85213216.0
2023-06-29,189.08,190.07,188.94,189.59,46347308.0
2023-06-28,187.93,189.9,187.6,189.25,51216801.0
2023-06-27,185.89,188.39,185.67,188.06,50730846.0
2023-06-26,186.83,188.05,185.23,185.27,48088661.0
2023-06-23,185.55,187.56,185.01,186.68,53116996.0
2023-06-22,183.74,187.045,183.67,187.0,51245327.0
2023-06-21,184.9,185.41,182.5901,183.96,49515697.0
2023-06-20,184.41,186.1,184.41,185.01,49799092.0
2023-06-16,186.73,186.99,184.27,184.92,101256225.0
2023-06-15,183.96,186.52,183.78,186.01,65433166.0
2023-06-14,183.37,184.39,182.02,183.95,57462882.0
2023-06-13,182.8,184.15,182.44,183.31,54929129.0
2023-06-12,181.27,183.89,180.97,183.79,54754995.0
2023-06-09,181.5,182.23,180.63,180.96,48899973.0
2023-06-08,177.895,180.84,177.46,180.57,50214881.0
2023-06-07,178.44,181.21,177.32,177.82,61944615.0
2023-06-06,179.965,180.12,177.43,179.21,64848374.0
2023-06-05,182.63,184.951,178.035,179.58,121946497.0
2023-06-02,181.03,181.78,179.26,180.95,61996913.0
2023-06-01,177.7,180.12,176.9306,180.09,68901809.0
2023-05-31,177.325,179.35,176.76,177.25,99313268.0
2023-05-30,176.96,178.99,176.57,177.3,55964401.0
2023-05-26,173.32,175.77,173.11,175.43,54834975.0
2023-05-25,172.41,173.895,171.69,172.99,56058258.0
2023-05-24,171.09,172.4183,170.52,171.84,45143488.0
2023-05-23,173.13,173.3794,171.275,171.56,50747263.0
2023-05-22,173.98,174.71,173.45,174.2,43570932.0
2023-05-19,176.39,176.39,174.94,175.16,55809475.0
2023-05-18,173.0,175.24,172.58,175.05,65496657.0
2023-05-17,171.71,172.925,170.4201,172.69,57951604.0
2023-05-16,171.99,173.1383,171.7991,172.07,42110293.0
2023-05-15,173.16,173.21,171.47,172.07,37266659.0
2023-05-12,173.62,174.06,171.0,172.57,45533138.0
2023-05-11,173.85,174.59,172.17,173.75,49514676.0
2023-05-10,173.02,174.03,171.9,173.555,53724501.0
2023-05-09,173.05,173.54,171.6,171.77,45326874.0
2023-05-08,172.48,173.85,172.11,173.5,55962793.0
2023-05-05,170.975,174.3,170.76,173.57,113453171.0
2023-05-04,164.89,167.04,164.31,165.79,81235427.0
2023-05-03,169.5,170.92,167.16,167.45,65136018.0
2023-05-02,170.09,170.35,167.54,168.54,48425696.0
2023-05-01,169.28,170.45,168.64,169.59,52472936.0
2023-04-28,168.49,169.85,167.8801,169.68,55275851.0
2023-04-27,165.19,168.56,165.19,168.41,64902329.0
2023-04-26,163.055,165.28,162.8,163.76,44105745.0
2023-04-25,165.19,166.305,163.73,163.77,48714063.0
2023-04-24,165.0,165.6,163.89,165.33,41949581.0
2023-04-21,165.05,166.4521,164.49,165.02,58337341.0
2023-04-20,166.09,167.87,165.56,166.65,52456377.0
2023-04-19,165.8,168.16,165.54,167.63,47720166.0
